Domain,Does this Domain Resolve? Google,Does this Domain Resolve? Microsoft Edge,Does this Domain Resolve? ,What company is the lander?,Buy Now Price
Basil.vc,Yes,Yes,,Atom,"USD $3,498"
Beard.vc,Yes,Yes,,Atom,"USD $3,498"
Beetle.vc,Yes,Yes,,Atom,"USD $3,498"
Benefactor.vc,Yes,Yes,,Atom,"USD $3,498"
BigRock.vc,Yes,Yes,,Atom,"USD $3,498"
Bucket.vc,Yes,Yes,,Atom,"USD $3,498"
Caffeine.vc,Yes,Yes,,Atom,"USD $3,498"
Cannon.vc,Yes,Yes,,Atom,"USD $3,498"
Cavalier.vc,Yes,Yes,,Atom,"USD $3,498"
Ceder.vc,Yes,Yes,,Atom,"USD $3,498"
CenterStone.vc,Yes,Yes,,Atom,"USD $3,498"
Charisma.vc,Yes,Yes,,Atom,"USD $3,498"
Cinnamon.vc,Yes,Yes,,Atom,"USD $3,498"
Clove.vc,Yes,Yes,,Atom,"USD $3,498"
Coder.vc,Yes,Yes,,Atom,"USD $3,498"
Conifer.vc,Yes,Yes,,Atom,"USD $3,498"
Console.vc,Yes,Yes,,Atom,"USD $3,498"
Consolidated.vc,Yes,Yes,,Atom,"USD $3,498"
Continental.vc,Yes,Yes,,Atom,"USD $3,498"
Cookie.vc,Yes,Yes,,Atom,"USD $3,498"
Cornucopia.vc,Yes,Yes,,Atom,"USD $3,498"
Coyote.vc,Yes,Yes,,Atom,"USD $3,498"
Crayon.vc,Yes,Yes,,Atom,"USD $3,498"
Crow.vc,Yes,Yes,,Atom,"USD $3,498"
Cupcake.vc,Yes,Yes,,Atom,"USD $3,498"
December.vc,Yes,Yes,,Atom,"USD $3,498"
Dinosaur.vc,Yes,Yes,,Atom,"USD $3,498"
Disruptor.vc,Yes,Yes,,Atom,"USD $3,498"
Diversified.vc,Yes,Yes,,Atom,"USD $3,498"
Domestic.vc,Yes,Yes,,Atom,"USD $3,498"
Down.vc,No,No,,Atom,N/A
Effect.vc,Yes,Yes,,Atom,"USD $3,498"
Elk.vc,Yes,Yes,,Atom,"USD $3,498"
Entrepreneurs.vc,Yes,Yes,,Atom,"USD $3,498"
Equitable.vc,Yes,Yes,,Atom,"USD $3,498"
Fabulous.vc,Yes,Yes,,Atom,"USD $3,498"
Farmers.vc,Yes,Yes,,Atom,"USD $3,498"
Feast.vc,Yes,Yes,,Atom,"USD $3,498"
February.vc,Yes,Yes,,Atom,"USD $3,498"
Fervent.vc,Yes,Yes,,Atom,"USD $3,498"
Finest.vc,Yes,Yes,,Atom,"USD $3,498"
Flawless.vc,Yes,Yes,,Atom,"USD $3,498"
Flute.vc,Yes,Yes,,Atom,"USD $3,498"
Foremost.vc,Yes,Yes,,Atom,"USD $3,498"
French.vc,Yes,Yes,,Atom,"USD $3,498"
Frugal.vc,Yes,Yes,,Atom,"USD $3,498"
Gaslamp.vc,Yes,Yes,,Atom,"USD $3,498"
Gazelle.vc,Yes,Yes,,Atom,"USD $3,498"
Gecko.vc,Yes,Yes,,Atom,"USD $3,498"
Greek.vc,Yes,Yes,,Atom,"USD $3,498"
GreenPoint.vc,Yes,Yes,,Atom,"USD $3,498"
Guava.vc,Yes,Yes,,Atom,"USD $3,498"
Gutsy.vc,Yes,Yes,,Atom,"USD $3,498"
Hallmark.vc,Yes,Yes,,Atom,"USD $3,498"
Harp.vc,Yes,Yes,,Atom,"USD $3,498"
Headlight.vc,Yes,Yes,,Atom,"USD $3,498"
Hebrew.vc,Yes,Yes,,Atom,"USD $3,498"
Highway.vc,Yes,Yes,,Atom,"USD $3,498"
Hourglass.vc,Yes,Yes,,Atom,"USD $3,498"
Humane.vc,Yes,Yes,,Atom,"USD $3,498"
Ideation.vc,Yes,Yes,,Atom,"USD $3,498"
Insightful.vc,Yes,Yes,,Atom,"USD $3,498"
Inventive.vc,Yes,Yes,,Atom,"USD $3,498"
Invincible.vc,No,No,,Atom,
Jackal.vc,Yes,Yes,,Atom,"USD $3,498"
Jerusalem.vc,No,No,,Atom,
Jewish.vc,Yes,Yes,,Atom,"USD $3,498"
Judo.vc,No,No,,Atom,Contact Broker
Kangaroo.vc,Yes,Yes,,Atom,"USD $3,498"
Keyboard.vc,Yes,Yes,,Atom,"USD $3,498"
Kibbutz.vc,Yes,Yes,,Atom,"USD $3,498"
Kosher.vc,Yes,Yes,,Atom,"USD $3,498"
Lilac.vc,Yes,Yes,,Atom,"USD $3,498"
Lincoln.vc,Yes,Yes,,Atom,"USD $3,498"
Lychee.vc,Yes,Yes,,Atom,"USD $3,498"
Managed.vc,Yes,Yes,,Atom,"USD $3,498"
Mandarin.vc,Yes,Yes,,Atom,"USD $3,498"
Member.vc,Yes,Yes,,Atom,"USD $3,498"
Mongoose.vc,Yes,Yes,,Atom,"USD $3,498"
November.vc,Yes,Yes,,Atom,"USD $3,498"
Nutmeg.vc,Yes,Yes,,Atom,"USD $3,498"
Oaks.vc,Yes,Yes,,Atom,"USD $3,498"
Outdoor.vc,Yes,Yes,,Atom,"USD $3,498"
Palace.vc,Yes,Yes,,Atom,"USD $3,498"
Papaya.vc,Yes,Yes,,Atom,"USD $3,498"
Parakeet.vc,Yes,Yes,,Atom,"USD $3,498"
Parsley.vc,Yes,Yes,,Atom,"USD $3,498"
Passionate.vc,Yes,Yes,,Atom,"USD $3,498"
Password.vc,Yes,Yes,,Atom,"USD $3,498"
Pavilion.vc,Yes,Yes,,Atom,"USD $3,498"
Peaceful.vc,Yes,Yes,,Atom,"USD $3,498"
Peanut.vc,Yes,Yes,,Atom,"USD $3,498"
Peerless.vc,Yes,Yes,,Atom,"USD $3,498"
Pendulum.vc,Yes,Yes,,Atom,"USD $3,498"
Pension.vc,Yes,Yes,,Atom,"USD $3,498"
Perch.vc,Yes,Yes,,Atom,"USD $3,498"
Perpetual.vc,Yes,Yes,,Atom,"USD $3,498"
Pistol.vc,Yes,Yes,,Atom,"USD $3,498"
Plastic.vc,No,No,,Atom,None
Plume.vc,Yes,Yes,,Atom,"USD $3,498"
Portable.vc,Yes,Yes,,Atom,"USD $3,498"
Predict.vc,Yes,Yes,,Atom,"USD $3,498"
Primrose.vc,Yes,Yes,,Atom,"USD $3,498"
Principled.vc,Yes,Yes,,Atom,"USD $3,498"
Prodigious.vc,Yes,Yes,,Atom,"USD $3,498"
Prosperous.vc,Yes,Yes,,Atom,"USD $3,498"
Prudent.vc,Yes,Yes,,Atom,"USD $3,498"
Quarterback.vc,Yes,Yes,,Atom,"USD $3,498"
Raccoon.vc,Yes,Yes,,Atom,"USD $3,498"
Rapport.vc,Yes,Yes,,Atom,"USD $3,498"
Redneck.vc,Yes,Yes,,Atom,"USD $3,498"
Reputation.vc,Yes,Yes,,Atom,"USD $3,498"
Restructure.vc,Yes,Yes,,Atom,"USD $3,498"
Retro.vc,Yes,Yes,,Atom,"USD $3,498"
Riveter.vc,Yes,Yes,,Atom,"USD $3,498"
Savior.vc,Yes,Yes,,Atom,"USD $3,498"
Scorpion.vc,Yes,Yes,,Atom,"USD $3,498"
Seasoned.vc,Yes,Yes,,Atom,"USD $3,498"
September.vc,Yes,Yes,,Atom,"USD $3,498"
Shelter.vc,Yes,Yes,,Atom,"USD $3,498"
Sidecar.vc,Yes,Yes,,Atom,"USD $3,498"
Silverlake.vc,Yes,Yes,,Atom,"USD $3,498"
Sister.vc,Yes,Yes,,Atom,"USD $3,498"
Sisters.vc,Yes,Yes,,Atom,"USD $3,498"
Specialized.vc,Yes,Yes,,Atom,"USD $3,498"
Sphynx.vc,Yes,Yes,,Atom,"USD $3,498"
Standout.vc,Yes,Yes,,Atom,"USD $3,498"
Superman.vc,Yes,Yes,,Atom,"USD $3,498"
Supportive.vc,Yes,Yes,,Atom,"USD $3,498"
Sword.vc,Yes,Yes,,Atom,"USD $3,498"
Syndicated.vc,No,No,,Atom,
Syndicates.vc,No,No,,Does Not Resolve,
TopNotch.vc,Yes,Yes,,Atom,"USD $3,498"
Trailblazer.vc,Yes,Yes,,Atom,"USD $3,498"
Trigger.vc,Yes,Yes,,Atom,"USD $3,498"
Trumpet.vc,Yes,Yes,,Atom,"USD $3,498"
Upmarket.vc,Yes,Yes,,Atom,"USD $3,498"
Walrus.vc,Yes,Yes,,Atom,"USD $3,498"
Wasabi.vc,Yes,Yes,,Atom,"USD $3,498"
Wealthy.vc,Yes,Yes,,Atom,"USD $3,498"
Wholesome.vc,Yes,Yes,,Atom,"USD $3,498"
Window.vc,Yes,Yes,,Atom,"USD $3,498"
Wired.vc,Yes,Yes,,Atom,"USD $3,498"
Womens.vc,Yes,Yes,,Atom,"USD $3,498"
WomensFund.vc,Yes,Yes,,Atom,"USD $3,498"
FieldMouse.com,Yes,Yes,,DomainEasy,"$15,398"
Stylizer.com,Yes,Yes,,DomainEasy,"$15,398"
Bandwidth.vc,Yes,Yes,,Atom,"USD $3,498"
Bravado.vc,Yes,Yes,,Atom,"USD $3,498"
Criterion.vc,Yes,Yes,,Atom,"USD $3,498"
Conduct.net,Yes,Yes,,DomainEasy,"$7,698"
StainGuard.com,Yes,Yes,,DomainEasy,"$15,398"
Microgrid.com,Yes,Yes,,DomainEasy,"$350,000"
30.eu,No,No,,Does Not Resolve,"$2,998,"
90.eu,No,No,,Does Not Resolve,"$2,998,"
Ketosis.net,Yes,Yes,,Atom,"USD $5,998"
Digitized.org,Yes,Yes,,Atom,"USD $12,998"
OriginalRecipe.com,Yes,Yes,,DomainEasy,"$15,398"
BleedingHeart.com,Yes,Yes,,DomainEasy,"$9,698"
Plantisserie.com,Yes,Yes,,DomainEasy,"$2,998"
Clarification.net,Yes,Yes,,Atom,"USD $12,598"
Metaloot.com,Yes,Yes,,DomainEasy,"$15,398"
SmartDiaper.com,Yes,Yes,,DomainEasy,"$15,398"
MiracleWorker.com,Yes,Yes,,DomainEasy,"$15,398"
TrafficAccident.com,Yes,Yes,,DomainEasy,"$61,598"
Ki.vc,Yes,Yes,,Atom,"USD $3,498"
Silly.net,Yes,Yes,,Atom,"USD $9,998"
Frequent.com,Yes,Yes,,DomainEasy,"$350,000"
Anesthetize.com,Yes,Yes,,DomainEasy,"$15,398"
Pollock.und,No,No,,Does Not Resolve,
PollockFund.com,Yes,Yes,,Atom,"$1,000"
PollockFunds.com,No,No,,Does Not Resolve,
Superior.net,Yes,Yes,,Atom,"USD $94,998"
FPF.com,Yes,Yes,,DomainEasy,"$279,998"
Detour.com,Yes,Yes,,DomainEasy,"$500,000"
Strobe.com,Yes,Yes,,DomainEasy,"$750,000"
Trustworthy.net,Yes,Yes,,Atom,"USD $24,998"
Thumbnail.net,Yes,Yes,,Atom,"USD $3,498"
Favorite.com,Yes,Yes,,DomainEasy,"$1,200,000"
Chosen.net,Yes,Yes,,Atom,"USD $23,895"
Originator.net,Yes,Yes,,DomainEasy,"$3,998"
Wonton.co,Yes,Yes,,Atom,"USD $9,998"
Carafe.co,Yes,Yes,,Atom,"USD $12,998"
Feast.net,Yes,Yes,,Atom,"USD $35,098"
Climatize.com,Yes,Yes,,DomainEasy,"$150,000"
Hurting.com,Yes,Yes,,DomainEasy,"$15,398"
ReputationMedia.com,No,No,,Does Not Resolve,
Coworkers.com,Yes,Yes,,DomainEasy,"$525,000"
Windup.co,Yes,Yes,,DomainEasy,"$5,498"
Hairbrush.com,Yes,Yes,,DomainEasy,"$150,000"
Intern.net,Yes,Yes,,Atom,"USD $39,998"
CyberFence.com,Yes,Yes,,DomainEasy,"$35,398"
Explicit.com,Yes,Yes,,DomainEasy,"$350,000"
AutonomousElectricCars.com,Yes,Yes,,DomainEasy,"$2,698"
Cabriolet.io,Yes,Yes,,Atom,"USD $9,998"
Exercycle.com,Yes,Yes,,DomainEasy,"$19,998"
PoeticLicense.com,Yes,Yes,,DomainEasy,"$15,398"
Spineless.com,Yes,Yes,,DomainEasy,"$11,598"
Angle.net,Yes,Yes,,Atom,"USD $29,695"
Since.org,Yes,Yes,,Atom,"USD $33,998"
SuperUnicorn.com,Yes,Yes,,DomainEasy,"$19,298"
Fruity.io,Yes,Yes,,Atom,"USD $14,295"
Helicopter.com,Yes,Yes,,DomainEasy,"$800,000"
Fluorescent.com,Yes,Yes,,Atom,"$143,750"
Chlorine.io,Yes,Yes,,Atom,"USD $3,498"
Sirens.net,Yes,Yes,,Atom,"USD $3,998"
Decentralize.net,Yes,Yes,,Atom,"USD $9,998"
Idyllic.com,Yes,Yes,,DomainEasy,"$350,000"
Megaton.com,Yes,Yes,,DomainEasy,"$175,000"
Histories.net,Yes,Yes,,Atom,"USD $2,498"
Powerful.net,Yes,Yes,,Atom,"USD $24,998"
HerPower.com,Yes,Yes,,DomainEasy,"$13,498"
Goddess.com,Yes,Yes,,DomainEasy,"$1,500,000"
Festive.com,Yes,Yes,,Atom,"$977,500"
QHQ.com,Yes,Yes,,DomainEasy,"$279,998"
SwitchHitter.com,Yes,Yes,,DomainEasy,"$10,000"
VentureFund.net,Yes,Yes,,Atom,"USD $4,998"
Colony.net,Yes,Yes,,Atom,"USD $34,998"
SmartTattoo.com,Yes,Yes,,DomainEasy,"$15,398"
Artillery.com,Yes,Yes,,Atom,"$460,000"
Parasails.com,Yes,Yes,,DomainEasy,"$11,598"
Edutainment.net,Yes,Yes,,Atom,"USD $2,998"
ServiceAlert.com,Yes,Yes,,DomainEasy,"$26,998"
Gratifying.com,Yes,Yes,,DomainEasy,"$66,998"
Pageant.com,Yes,Yes,,DomainEasy,"$250,000"
InternetReady.com,Yes,Yes,,DomainEasy,"$23,098"
BurgerTrucks.com,Yes,Yes,,DomainEasy,"$5,998"
BurgerTruck.com,Yes,Yes,,DomainEasy,"$5,998"
WellnessApp.com,Yes,Yes,,DomainEasy,"$12,500"
NextFunding.com,Yes,Yes,,DomainEasy,"$11,598"
Idol.net,Yes,Yes,,Atom,"USD $74,998"
ContactLogic.com,No,No,,Does Not Resolve,
Marshmallow.net,Yes,Yes,,Atom,"USD $19,998"
Vaccinated.net,Yes,Yes,,Atom,"USD $19,998"
Carwash.net,Yes,Yes,,Atom,"USD $19,998"
Snowglobe.com,Yes,Yes,,DomainEasy,"$300,000"
Boundary.com,Yes,Yes,,Atom,"$862,500"
Overslept.com,Yes,Yes,,DomainEasy,"$7,698"
Vaccinating.com,Yes,Yes,,DomainEasy,"$35,000"
OrderLunch.com,Yes,Yes,,DomainEasy,"$9,698"
Vaccinated.com,Yes,Yes,,DomainEasy,"$98,000"
Amenity.com,Yes,Yes,,DomainEasy,"$350,000"
Lunchroom.io,Yes,Yes,,Atom,"USD $3,998"
DroneHero.com,Yes,Yes,,DomainEasy,"$11,598"
Galore.com,Yes,Yes,,Atom,"$460,000"
Stud.net,Yes,Yes,,Atom,"USD $24,998"
Cold.com,Yes,Yes,,DomainEasy,"$2,000,000"
DataMiner.net,Yes,Yes,,Atom,"USD $4,998"
Festive.io,Yes,Yes,,Atom,"USD $37,598"
RecoveryTool.com,Yes,Yes,,DomainEasy,"$39,998"
Intent.com,Yes,Yes,,DomainEasy,"$2,300,000"
