URL,Match Type,Viability Score,Current Domain,Target Role Strategy,Notes,Timestamp
https://jackfruit.io,Corporate Brand,10,https://jackfruit.io/,CEO,,2026-02-03 01:15:30
https://usejackfruit.com,Dead Asset,0,,N/A,Failed DNS Resolution,2026-02-03 01:15:37
https://tryjackfruit.com,Dead Asset,0,,N/A,Failed DNS Resolution,2026-02-03 01:15:37
https://jackfruit.com,Corporate Brand,10,https://www.domaineasy.com/buy-domain/jackfruit.com,CEO,,2026-02-03 01:15:37
https://jackfruitapp.com,Dead Asset,0,,N/A,Failed DNS Resolution,2026-02-03 01:15:42
https://jackfruit.co.uk,Corporate Brand,10,https://jackfruit.co.uk/,CEO,,2026-02-03 01:15:42
https://getjackfruit.com,Dead Asset,0,,N/A,Failed DNS Resolution,2026-02-03 01:15:46
https://jackfruit.net,Corporate Brand,10,https://domains.atom.com/lpd/name/jackfruit.net,CEO,,2026-02-03 01:15:46
https://jackfruit.ai,Corporate Brand,10,https://jackfruit.ai/,CEO,,2026-02-03 01:15:53
